"MTU (CET/CEST)","Area","Actual Total Load (MW)","Day-ahead Total Load Forecast (MW)"
"21/07/2025 00:00 - 21/07/2025 00:15","BZN|NL","10838.95","10738.33"
"21/07/2025 00:15 - 21/07/2025 00:30","BZN|NL","10897.79","10862.01"
"21/07/2025 00:30 - 21/07/2025 00:45","BZN|NL","10917.06","10893.72"
"21/07/2025 00:45 - 21/07/2025 01:00","BZN|NL","10841.36","10875.35"
"21/07/2025 01:00 - 21/07/2025 01:15","BZN|NL","10727.56","10796.80"
"21/07/2025 01:15 - 21/07/2025 01:30","BZN|NL","10604.42","10738.44"
"21/07/2025 01:30 - 21/07/2025 01:45","BZN|NL","10489.92","10684.40"
"21/07/2025 01:45 - 21/07/2025 02:00","BZN|NL","10423.82","10622.62"
"21/07/2025 02:00 - 21/07/2025 02:15","BZN|NL","10347.82","10601.23"
"21/07/2025 02:15 - 21/07/2025 02:30","BZN|NL","10316.70","10590.47"
"21/07/2025 02:30 - 21/07/2025 02:45","BZN|NL","10301.28","10518.90"
"21/07/2025 02:45 - 21/07/2025 03:00","BZN|NL","10252.98","10480.79"
"21/07/2025 03:00 - 21/07/2025 03:15","BZN|NL","10151.49","10468.11"
"21/07/2025 03:15 - 21/07/2025 03:30","BZN|NL","10066.37","10446.10"
"21/07/2025 03:30 - 21/07/2025 03:45","BZN|NL","9982.71","10443.49"
"21/07/2025 03:45 - 21/07/2025 04:00","BZN|NL","9913.19","10451.99"
"21/07/2025 04:00 - 21/07/2025 04:15","BZN|NL","9918.93","10498.65"
"21/07/2025 04:15 - 21/07/2025 04:30","BZN|NL","10005.03","10512.00"
"21/07/2025 04:30 - 21/07/2025 04:45","BZN|NL","9973.49","10505.54"
"21/07/2025 04:45 - 21/07/2025 05:00","BZN|NL","9936.66","10524.27"
"21/07/2025 05:00 - 21/07/2025 05:15","BZN|NL","9951.21","10558.34"
"21/07/2025 05:15 - 21/07/2025 05:30","BZN|NL","9963.57","10586.95"
"21/07/2025 05:30 - 21/07/2025 05:45","BZN|NL","9968.64","10609.51"
"21/07/2025 05:45 - 21/07/2025 06:00","BZN|NL","9974.29","10611.80"
"21/07/2025 06:00 - 21/07/2025 06:15","BZN|NL","9990.98","10635.03"
"21/07/2025 06:15 - 21/07/2025 06:30","BZN|NL","10030.36","10607.26"
"21/07/2025 06:30 - 21/07/2025 06:45","BZN|NL","10027.96","10653.19"
"21/07/2025 06:45 - 21/07/2025 07:00","BZN|NL","10023.99","10762.70"
"21/07/2025 07:00 - 21/07/2025 07:15","BZN|NL","9891.13","10834.48"
"21/07/2025 07:15 - 21/07/2025 07:30","BZN|NL","9765.04","10913.42"
"21/07/2025 07:30 - 21/07/2025 07:45","BZN|NL","9634.99","10928.94"
"21/07/2025 07:45 - 21/07/2025 08:00","BZN|NL","9431.66","11030.52"
"21/07/2025 08:00 - 21/07/2025 08:15","BZN|NL","9129.75","11101.96"
"21/07/2025 08:15 - 21/07/2025 08:30","BZN|NL","8635.52","11050.17"
"21/07/2025 08:30 - 21/07/2025 08:45","BZN|NL","8138.82","10994.61"
"21/07/2025 08:45 - 21/07/2025 09:00","BZN|NL","7637.59","10937.23"
"21/07/2025 09:00 - 21/07/2025 09:15","BZN|NL","6966.52","10706.95"
"21/07/2025 09:15 - 21/07/2025 09:30","BZN|NL","6020.50","10387.27"
"21/07/2025 09:30 - 21/07/2025 09:45","BZN|NL","5393.82","10247.66"
"21/07/2025 09:45 - 21/07/2025 10:00","BZN|NL","4857.83","10094.38"
"21/07/2025 10:00 - 21/07/2025 10:15","BZN|NL","4569.05","9888.62"
"21/07/2025 10:15 - 21/07/2025 10:30","BZN|NL","4414.74","9791.05"
"21/07/2025 10:30 - 21/07/2025 10:45","BZN|NL","4074.91","9721.24"
"21/07/2025 10:45 - 21/07/2025 11:00","BZN|NL","3866.39","9669.21"
"21/07/2025 11:00 - 21/07/2025 11:15","BZN|NL","4013.60","9625.54"
"21/07/2025 11:15 - 21/07/2025 11:30","BZN|NL","4350.10","9558.03"
"21/07/2025 11:30 - 21/07/2025 11:45","BZN|NL","4310.78","9525.60"
"21/07/2025 11:45 - 21/07/2025 12:00","BZN|NL","4262.32","9437.39"
"21/07/2025 12:00 - 21/07/2025 12:15","BZN|NL","4326.00","9262.24"
"21/07/2025 12:15 - 21/07/2025 12:30","BZN|NL","4340.02","9091.19"
"21/07/2025 12:30 - 21/07/2025 12:45","BZN|NL","4269.69","8998.91"
"21/07/2025 12:45 - 21/07/2025 13:00","BZN|NL","4271.08","9003.54"
"21/07/2025 13:00 - 21/07/2025 13:15","BZN|NL","4327.68","8958.70"
"21/07/2025 13:15 - 21/07/2025 13:30","BZN|NL","4593.05","8946.75"
"21/07/2025 13:30 - 21/07/2025 13:45","BZN|NL","4631.32","8906.86"
"21/07/2025 13:45 - 21/07/2025 14:00","BZN|NL","4658.00","8913.66"
"21/07/2025 14:00 - 21/07/2025 14:15","BZN|NL","4736.39","9033.00"
"21/07/2025 14:15 - 21/07/2025 14:30","BZN|NL","4889.67","9084.96"
"21/07/2025 14:30 - 21/07/2025 14:45","BZN|NL","5116.98","9071.35"
"21/07/2025 14:45 - 21/07/2025 15:00","BZN|NL","5378.48","9015.91"
"21/07/2025 15:00 - 21/07/2025 15:15","BZN|NL","5389.23","9035.55"
"21/07/2025 15:15 - 21/07/2025 15:30","BZN|NL","5226.62","8943.16"
"21/07/2025 15:30 - 21/07/2025 15:45","BZN|NL","5333.34","8851.99"
"21/07/2025 15:45 - 21/07/2025 16:00","BZN|NL","5929.34","8896.41"
"21/07/2025 16:00 - 21/07/2025 16:15","BZN|NL","6641.82","8998.56"
"21/07/2025 16:15 - 21/07/2025 16:30","BZN|NL","7076.30","9070.73"
"21/07/2025 16:30 - 21/07/2025 16:45","BZN|NL","7422.77","9107.47"
"21/07/2025 16:45 - 21/07/2025 17:00","BZN|NL","7894.93","9162.83"
"21/07/2025 17:00 - 21/07/2025 17:15","BZN|NL","8218.66","9327.83"
"21/07/2025 17:15 - 21/07/2025 17:30","BZN|NL","8509.45","9565.01"
"21/07/2025 17:30 - 21/07/2025 17:45","BZN|NL","8690.81","9664.67"
"21/07/2025 17:45 - 21/07/2025 18:00","BZN|NL","8793.25","9923.07"
"21/07/2025 18:00 - 21/07/2025 18:15","BZN|NL","9027.87","10101.71"
"21/07/2025 18:15 - 21/07/2025 18:30","BZN|NL","9270.71","10215.65"
"21/07/2025 18:30 - 21/07/2025 18:45","BZN|NL","9436.23","10368.71"
"21/07/2025 18:45 - 21/07/2025 19:00","BZN|NL","9578.55","10656.35"
"21/07/2025 19:00 - 21/07/2025 19:15","BZN|NL","9664.07","10976.33"
"21/07/2025 19:15 - 21/07/2025 19:30","BZN|NL","9790.67","11262.43"
"21/07/2025 19:30 - 21/07/2025 19:45","BZN|NL","10031.25","11460.31"
"21/07/2025 19:45 - 21/07/2025 20:00","BZN|NL","10266.63","11685.05"
"21/07/2025 20:00 - 21/07/2025 20:15","BZN|NL","10439.31","12004.82"
"21/07/2025 20:15 - 21/07/2025 20:30","BZN|NL","10657.25","12228.02"
"21/07/2025 20:30 - 21/07/2025 20:45","BZN|NL","10876.14","12276.51"
"21/07/2025 20:45 - 21/07/2025 21:00","BZN|NL","10998.12","12277.31"
"21/07/2025 21:00 - 21/07/2025 21:15","BZN|NL","11071.41","12317.43"
"21/07/2025 21:15 - 21/07/2025 21:30","BZN|NL","11141.79","12360.38"
"21/07/2025 21:30 - 21/07/2025 21:45","BZN|NL","11128.22","12434.94"
"21/07/2025 21:45 - 21/07/2025 22:00","BZN|NL","11181.82","12486.91"
"21/07/2025 22:00 - 21/07/2025 22:15","BZN|NL","11307.25","12494.89"
"21/07/2025 22:15 - 21/07/2025 22:30","BZN|NL","11430.50","12519.11"
"21/07/2025 22:30 - 21/07/2025 22:45","BZN|NL","11394.76","12507.52"
"21/07/2025 22:45 - 21/07/2025 23:00","BZN|NL","11348.13","12422.13"
"21/07/2025 23:00 - 21/07/2025 23:15","BZN|NL","11406.21","12314.94"
"21/07/2025 23:15 - 21/07/2025 23:30","BZN|NL","11398.49","12238.92"
"21/07/2025 23:30 - 21/07/2025 23:45","BZN|NL","11367.36","12161.15"
"21/07/2025 23:45 - 22/07/2025 00:00","BZN|NL","11284.95","12054.99"
"22/07/2025 00:00 - 22/07/2025 00:15","BZN|NL","11144.94","11926.33"
"22/07/2025 00:15 - 22/07/2025 00:30","BZN|NL","11085.17","11888.11"
"22/07/2025 00:30 - 22/07/2025 00:45","BZN|NL","11051.57","11786.37"
"22/07/2025 00:45 - 22/07/2025 01:00","BZN|NL","11010.41","11701.33"
"22/07/2025 01:00 - 22/07/2025 01:15","BZN|NL","10933.02","11570.59"
"22/07/2025 01:15 - 22/07/2025 01:30","BZN|NL","10751.57","11414.61"
"22/07/2025 01:30 - 22/07/2025 01:45","BZN|NL","10623.40","11299.48"
"22/07/2025 01:45 - 22/07/2025 02:00","BZN|NL","10534.14","11233.71"
"22/07/2025 02:00 - 22/07/2025 02:15","BZN|NL","10524.95","11244.40"
"22/07/2025 02:15 - 22/07/2025 02:30","BZN|NL","10503.20","11255.17"
"22/07/2025 02:30 - 22/07/2025 02:45","BZN|NL","10481.36","11278.71"
"22/07/2025 02:45 - 22/07/2025 03:00","BZN|NL","10412.49","11237.44"
"22/07/2025 03:00 - 22/07/2025 03:15","BZN|NL","10321.35","11153.81"
"22/07/2025 03:15 - 22/07/2025 03:30","BZN|NL","10304.61","11040.53"
"22/07/2025 03:30 - 22/07/2025 03:45","BZN|NL","10251.30","10932.37"
"22/07/2025 03:45 - 22/07/2025 04:00","BZN|NL","10188.42","10868.18"
"22/07/2025 04:00 - 22/07/2025 04:15","BZN|NL","10176.25","10810.25"
"22/07/2025 04:15 - 22/07/2025 04:30","BZN|NL","10192.71","10712.87"
"22/07/2025 04:30 - 22/07/2025 04:45","BZN|NL","10189.42","10714.44"
"22/07/2025 04:45 - 22/07/2025 05:00","BZN|NL","10171.19","10721.92"
"22/07/2025 05:00 - 22/07/2025 05:15","BZN|NL","10180.13","10760.83"
"22/07/2025 05:15 - 22/07/2025 05:30","BZN|NL","10245.25","10818.93"
"22/07/2025 05:30 - 22/07/2025 05:45","BZN|NL","10227.87","10855.43"
"22/07/2025 05:45 - 22/07/2025 06:00","BZN|NL","10203.98","10865.48"
"22/07/2025 06:00 - 22/07/2025 06:15","BZN|NL","10166.18","10890.75"
"22/07/2025 06:15 - 22/07/2025 06:30","BZN|NL","10172.86","10942.28"
"22/07/2025 06:30 - 22/07/2025 06:45","BZN|NL","10177.34","11019.29"
"22/07/2025 06:45 - 22/07/2025 07:00","BZN|NL","10221.91","11156.66"
"22/07/2025 07:00 - 22/07/2025 07:15","BZN|NL","10192.66","11217.52"
"22/07/2025 07:15 - 22/07/2025 07:30","BZN|NL","10229.17","11265.06"
"22/07/2025 07:30 - 22/07/2025 07:45","BZN|NL","10266.70","11274.94"
"22/07/2025 07:45 - 22/07/2025 08:00","BZN|NL","10277.57","11223.24"
"22/07/2025 08:00 - 22/07/2025 08:15","BZN|NL","10246.62","11083.62"
"22/07/2025 08:15 - 22/07/2025 08:30","BZN|NL","10123.12","10848.86"
"22/07/2025 08:30 - 22/07/2025 08:45","BZN|NL","9955.28","10668.26"
"22/07/2025 08:45 - 22/07/2025 09:00","BZN|NL","9707.55","10480.43"
"22/07/2025 09:00 - 22/07/2025 09:15","BZN|NL","9471.71","10307.21"
"22/07/2025 09:15 - 22/07/2025 09:30","BZN|NL","9073.54","10207.75"
"22/07/2025 09:30 - 22/07/2025 09:45","BZN|NL","8748.70","10156.60"
"22/07/2025 09:45 - 22/07/2025 10:00","BZN|NL","8592.22","9972.20"
"22/07/2025 10:00 - 22/07/2025 10:15","BZN|NL","8315.01","9577.51"
"22/07/2025 10:15 - 22/07/2025 10:30","BZN|NL","7867.55","9164.80"
"22/07/2025 10:30 - 22/07/2025 10:45","BZN|NL","7405.19","8880.55"
"22/07/2025 10:45 - 22/07/2025 11:00","BZN|NL","6889.29","8642.45"
"22/07/2025 11:00 - 22/07/2025 11:15","BZN|NL","6359.35","8432.98"
"22/07/2025 11:15 - 22/07/2025 11:30","BZN|NL","5863.44","8388.17"
"22/07/2025 11:30 - 22/07/2025 11:45","BZN|NL","5540.15","8390.12"
"22/07/2025 11:45 - 22/07/2025 12:00","BZN|NL","5268.74","8440.42"
"22/07/2025 12:00 - 22/07/2025 12:15","BZN|NL","5017.37","8556.91"
"22/07/2025 12:15 - 22/07/2025 12:30","BZN|NL","4708.03","8632.54"
"22/07/2025 12:30 - 22/07/2025 12:45","BZN|NL","4502.51","8693.29"
"22/07/2025 12:45 - 22/07/2025 13:00","BZN|NL","4527.11","8666.03"
"22/07/2025 13:00 - 22/07/2025 13:15","BZN|NL","4712.32","8484.61"
"22/07/2025 13:15 - 22/07/2025 13:30","BZN|NL","4792.03","8431.27"
"22/07/2025 13:30 - 22/07/2025 13:45","BZN|NL","4778.11","8277.43"
"22/07/2025 13:45 - 22/07/2025 14:00","BZN|NL","4912.13","8075.06"
"22/07/2025 14:00 - 22/07/2025 14:15","BZN|NL","4978.02","8014.04"
"22/07/2025 14:15 - 22/07/2025 14:30","BZN|NL","4912.27","8103.63"
"22/07/2025 14:30 - 22/07/2025 14:45","BZN|NL","4907.26","8159.64"
"22/07/2025 14:45 - 22/07/2025 15:00","BZN|NL","4966.82","8303.92"
"22/07/2025 15:00 - 22/07/2025 15:15","BZN|NL","5049.33","8285.36"
"22/07/2025 15:15 - 22/07/2025 15:30","BZN|NL","5046.64","8378.34"
"22/07/2025 15:30 - 22/07/2025 15:45","BZN|NL","5214.49","8527.54"
"22/07/2025 15:45 - 22/07/2025 16:00","BZN|NL","5287.02","8730.55"
"22/07/2025 16:00 - 22/07/2025 16:15","BZN|NL","5214.40","8860.58"
"22/07/2025 16:15 - 22/07/2025 16:30","BZN|NL","5340.35","8952.33"
"22/07/2025 16:30 - 22/07/2025 16:45","BZN|NL","5380.00","9043.77"
"22/07/2025 16:45 - 22/07/2025 17:00","BZN|NL","5475.43","9257.16"
"22/07/2025 17:00 - 22/07/2025 17:15","BZN|NL","5810.51","9630.44"
"22/07/2025 17:15 - 22/07/2025 17:30","BZN|NL","5895.08","10096.96"
"22/07/2025 17:30 - 22/07/2025 17:45","BZN|NL","6117.01","10419.10"
"22/07/2025 17:45 - 22/07/2025 18:00","BZN|NL","6424.06","10584.88"
"22/07/2025 18:00 - 22/07/2025 18:15","BZN|NL","6745.97","10709.29"
"22/07/2025 18:15 - 22/07/2025 18:30","BZN|NL","7079.97","10695.39"
"22/07/2025 18:30 - 22/07/2025 18:45","BZN|NL","7500.48","10750.85"
"22/07/2025 18:45 - 22/07/2025 19:00","BZN|NL","7795.23","10911.31"
"22/07/2025 19:00 - 22/07/2025 19:15","BZN|NL","8040.88","11033.07"
"22/07/2025 19:15 - 22/07/2025 19:30","BZN|NL","8378.72","11150.05"
"22/07/2025 19:30 - 22/07/2025 19:45","BZN|NL","8726.88","11339.97"
"22/07/2025 19:45 - 22/07/2025 20:00","BZN|NL","9063.98","11584.03"
"22/07/2025 20:00 - 22/07/2025 20:15","BZN|NL","9462.25","11755.60"
"22/07/2025 20:15 - 22/07/2025 20:30","BZN|NL","9881.21","11843.70"
"22/07/2025 20:30 - 22/07/2025 20:45","BZN|NL","10204.40","11979.01"
"22/07/2025 20:45 - 22/07/2025 21:00","BZN|NL","10508.24","12088.83"
"22/07/2025 21:00 - 22/07/2025 21:15","BZN|NL","10772.15","12130.80"
"22/07/2025 21:15 - 22/07/2025 21:30","BZN|NL","10897.18","12160.53"
"22/07/2025 21:30 - 22/07/2025 21:45","BZN|NL","10977.07","12208.12"
"22/07/2025 21:45 - 22/07/2025 22:00","BZN|NL","11023.40","12264.54"
"22/07/2025 22:00 - 22/07/2025 22:15","BZN|NL","11083.27","12326.97"
"22/07/2025 22:15 - 22/07/2025 22:30","BZN|NL","11088.01","12334.81"
"22/07/2025 22:30 - 22/07/2025 22:45","BZN|NL","11031.01","12272.86"
"22/07/2025 22:45 - 22/07/2025 23:00","BZN|NL","10924.55","12103.06"
"22/07/2025 23:00 - 22/07/2025 23:15","BZN|NL","10856.14","12011.06"
"22/07/2025 23:15 - 22/07/2025 23:30","BZN|NL","10700.11","11921.72"
"22/07/2025 23:30 - 22/07/2025 23:45","BZN|NL","10558.24","11760.97"
"22/07/2025 23:45 - 23/07/2025 00:00","BZN|NL","10487.87","11553.93"
"23/07/2025 00:00 - 23/07/2025 00:15","BZN|NL","10552.76","11403.48"
"23/07/2025 00:15 - 23/07/2025 00:30","BZN|NL","10752.40","11335.39"
"23/07/2025 00:30 - 23/07/2025 00:45","BZN|NL","10783.96","11196.87"
"23/07/2025 00:45 - 23/07/2025 01:00","BZN|NL","10702.12","11068.18"
"23/07/2025 01:00 - 23/07/2025 01:15","BZN|NL","10600.12","10974.71"
"23/07/2025 01:15 - 23/07/2025 01:30","BZN|NL","10524.25","10867.07"
"23/07/2025 01:30 - 23/07/2025 01:45","BZN|NL","10468.62","10785.47"
"23/07/2025 01:45 - 23/07/2025 02:00","BZN|NL","10443.83","10729.62"
"23/07/2025 02:00 - 23/07/2025 02:15","BZN|NL","10422.99","10711.51"
"23/07/2025 02:15 - 23/07/2025 02:30","BZN|NL","10391.73","10668.26"
"23/07/2025 02:30 - 23/07/2025 02:45","BZN|NL","10409.07","10587.44"
"23/07/2025 02:45 - 23/07/2025 03:00","BZN|NL","10393.12","10486.59"
"23/07/2025 03:00 - 23/07/2025 03:15","BZN|NL","10372.43","10469.39"
"23/07/2025 03:15 - 23/07/2025 03:30","BZN|NL","10377.54","10484.12"
"23/07/2025 03:30 - 23/07/2025 03:45","BZN|NL","10384.44","10514.00"
"23/07/2025 03:45 - 23/07/2025 04:00","BZN|NL","10391.99","10555.91"
"23/07/2025 04:00 - 23/07/2025 04:15","BZN|NL","10402.95","10621.10"
"23/07/2025 04:15 - 23/07/2025 04:30","BZN|NL","10398.09","10681.76"
"23/07/2025 04:30 - 23/07/2025 04:45","BZN|NL","10387.91","10701.15"
"23/07/2025 04:45 - 23/07/2025 05:00","BZN|NL","10375.13","10719.31"
"23/07/2025 05:00 - 23/07/2025 05:15","BZN|NL","10403.75","10733.40"
"23/07/2025 05:15 - 23/07/2025 05:30","BZN|NL","10469.91","10766.63"
"23/07/2025 05:30 - 23/07/2025 05:45","BZN|NL","10512.49","10779.39"
"23/07/2025 05:45 - 23/07/2025 06:00","BZN|NL","10525.20","10780.71"
"23/07/2025 06:00 - 23/07/2025 06:15","BZN|NL","10556.99","10865.69"
"23/07/2025 06:15 - 23/07/2025 06:30","BZN|NL","10590.12","10957.37"
"23/07/2025 06:30 - 23/07/2025 06:45","BZN|NL","10533.90","10985.00"
"23/07/2025 06:45 - 23/07/2025 07:00","BZN|NL","10534.73","11081.55"
"23/07/2025 07:00 - 23/07/2025 07:15","BZN|NL","10581.36","11069.38"
"23/07/2025 07:15 - 23/07/2025 07:30","BZN|NL","10645.36","11114.29"
"23/07/2025 07:30 - 23/07/2025 07:45","BZN|NL","10665.51","11111.51"
"23/07/2025 07:45 - 23/07/2025 08:00","BZN|NL","10569.66","11105.33"
"23/07/2025 08:00 - 23/07/2025 08:15","BZN|NL","10399.87","11077.96"
"23/07/2025 08:15 - 23/07/2025 08:30","BZN|NL","10223.81","11050.18"
"23/07/2025 08:30 - 23/07/2025 08:45","BZN|NL","10119.21","11022.94"
"23/07/2025 08:45 - 23/07/2025 09:00","BZN|NL","9997.51","10965.96"
"23/07/2025 09:00 - 23/07/2025 09:15","BZN|NL","9839.03","10775.62"
"23/07/2025 09:15 - 23/07/2025 09:30","BZN|NL","9594.98","10516.87"
"23/07/2025 09:30 - 23/07/2025 09:45","BZN|NL","9337.07","10375.35"
"23/07/2025 09:45 - 23/07/2025 10:00","BZN|NL","9063.16","10317.34"
"23/07/2025 10:00 - 23/07/2025 10:15","BZN|NL","8974.27","10199.54"
"23/07/2025 10:15 - 23/07/2025 10:30","BZN|NL","8806.47","10111.49"
"23/07/2025 10:30 - 23/07/2025 10:45","BZN|NL","8603.93","10013.71"
"23/07/2025 10:45 - 23/07/2025 11:00","BZN|NL","8445.63","9965.80"
"23/07/2025 11:00 - 23/07/2025 11:15","BZN|NL","8195.39","9872.52"
"23/07/2025 11:15 - 23/07/2025 11:30","BZN|NL","7836.67","9826.46"
"23/07/2025 11:30 - 23/07/2025 11:45","BZN|NL","7571.78","9698.71"
"23/07/2025 11:45 - 23/07/2025 12:00","BZN|NL","7266.61","9593.20"
"23/07/2025 12:00 - 23/07/2025 12:15","BZN|NL","6922.43","9415.97"
"23/07/2025 12:15 - 23/07/2025 12:30","BZN|NL","6530.20","9233.54"
"23/07/2025 12:30 - 23/07/2025 12:45","BZN|NL","6254.34","9073.12"
"23/07/2025 12:45 - 23/07/2025 13:00","BZN|NL","6081.30","8844.00"
"23/07/2025 13:00 - 23/07/2025 13:15","BZN|NL","5833.25","8618.06"
"23/07/2025 13:15 - 23/07/2025 13:30","BZN|NL","5637.43","8580.21"
"23/07/2025 13:30 - 23/07/2025 13:45","BZN|NL","5544.90","8393.18"
"23/07/2025 13:45 - 23/07/2025 14:00","BZN|NL","5382.47","8417.14"
"23/07/2025 14:00 - 23/07/2025 14:15","BZN|NL","5260.74","8523.87"
"23/07/2025 14:15 - 23/07/2025 14:30","BZN|NL","5229.12","8468.57"
"23/07/2025 14:30 - 23/07/2025 14:45","BZN|NL","5158.24","8381.36"
"23/07/2025 14:45 - 23/07/2025 15:00","BZN|NL","5191.59","8273.37"
"23/07/2025 15:00 - 23/07/2025 15:15","BZN|NL","5319.24","8144.90"
"23/07/2025 15:15 - 23/07/2025 15:30","BZN|NL","5480.59","8250.88"
"23/07/2025 15:30 - 23/07/2025 15:45","BZN|NL","5723.60","8324.73"
"23/07/2025 15:45 - 23/07/2025 16:00","BZN|NL","5997.84","8340.46"
"23/07/2025 16:00 - 23/07/2025 16:15","BZN|NL","6101.79","8432.28"
"23/07/2025 16:15 - 23/07/2025 16:30","BZN|NL","6211.52","8455.76"
"23/07/2025 16:30 - 23/07/2025 16:45","BZN|NL","6340.73","8401.82"
"23/07/2025 16:45 - 23/07/2025 17:00","BZN|NL","6629.50","8558.42"
"23/07/2025 17:00 - 23/07/2025 17:15","BZN|NL","6989.09","8737.29"
"23/07/2025 17:15 - 23/07/2025 17:30","BZN|NL","7397.07","8977.26"
"23/07/2025 17:30 - 23/07/2025 17:45","BZN|NL","7822.36","9261.78"
"23/07/2025 17:45 - 23/07/2025 18:00","BZN|NL","8138.94","9508.32"
"23/07/2025 18:00 - 23/07/2025 18:15","BZN|NL","8501.85","9624.75"
"23/07/2025 18:15 - 23/07/2025 18:30","BZN|NL","8742.92","9776.61"
"23/07/2025 18:30 - 23/07/2025 18:45","BZN|NL","9114.54","9957.11"
"23/07/2025 18:45 - 23/07/2025 19:00","BZN|NL","9366.07","10187.66"
"23/07/2025 19:00 - 23/07/2025 19:15","BZN|NL","9513.99","10515.67"
"23/07/2025 19:15 - 23/07/2025 19:30","BZN|NL","9814.25","10627.68"
"23/07/2025 19:30 - 23/07/2025 19:45","BZN|NL","10137.45","10870.61"
"23/07/2025 19:45 - 23/07/2025 20:00","BZN|NL","10396.41","11135.98"
"23/07/2025 20:00 - 23/07/2025 20:15","BZN|NL","10595.88","11402.65"
"23/07/2025 20:15 - 23/07/2025 20:30","BZN|NL","10965.31","11630.21"
"23/07/2025 20:30 - 23/07/2025 20:45","BZN|NL","11151.46","11739.67"
"23/07/2025 20:45 - 23/07/2025 21:00","BZN|NL","11029.68","11833.45"
"23/07/2025 21:00 - 23/07/2025 21:15","BZN|NL","10859.60","12003.98"
"23/07/2025 21:15 - 23/07/2025 21:30","BZN|NL","10968.38","12132.46"
"23/07/2025 21:30 - 23/07/2025 21:45","BZN|NL","11144.73","12246.75"
"23/07/2025 21:45 - 23/07/2025 22:00","BZN|NL","11239.95","12308.90"
"23/07/2025 22:00 - 23/07/2025 22:15","BZN|NL","11472.85","12344.61"
"23/07/2025 22:15 - 23/07/2025 22:30","BZN|NL","11727.44","12336.70"
"23/07/2025 22:30 - 23/07/2025 22:45","BZN|NL","11716.86","12305.17"
"23/07/2025 22:45 - 23/07/2025 23:00","BZN|NL","11669.68","12219.75"
"23/07/2025 23:00 - 23/07/2025 23:15","BZN|NL","11733.10","12111.36"
"23/07/2025 23:15 - 23/07/2025 23:30","BZN|NL","11757.63","12080.43"
"23/07/2025 23:30 - 23/07/2025 23:45","BZN|NL","11733.23","11999.88"
"23/07/2025 23:45 - 24/07/2025 00:00","BZN|NL","11711.82","11889.83"
"24/07/2025 00:00 - 24/07/2025 00:15","BZN|NL","11758.67","11885.07"
"24/07/2025 00:15 - 24/07/2025 00:30","BZN|NL","11798.94","11904.18"
"24/07/2025 00:30 - 24/07/2025 00:45","BZN|NL","11741.15","11838.17"
"24/07/2025 00:45 - 24/07/2025 01:00","BZN|NL","11641.30","11701.91"
"24/07/2025 01:00 - 24/07/2025 01:15","BZN|NL","11530.81","11552.07"
"24/07/2025 01:15 - 24/07/2025 01:30","BZN|NL","11410.49","11430.44"
"24/07/2025 01:30 - 24/07/2025 01:45","BZN|NL","11341.02","11342.99"
"24/07/2025 01:45 - 24/07/2025 02:00","BZN|NL","11293.98","11244.71"
"24/07/2025 02:00 - 24/07/2025 02:15","BZN|NL","11199.73","11193.20"
"24/07/2025 02:15 - 24/07/2025 02:30","BZN|NL","11087.61","11164.42"
"24/07/2025 02:30 - 24/07/2025 02:45","BZN|NL","11040.56","11095.04"
"24/07/2025 02:45 - 24/07/2025 03:00","BZN|NL","10970.48","11029.15"
"24/07/2025 03:00 - 24/07/2025 03:15","BZN|NL","10933.41","10995.37"
"24/07/2025 03:15 - 24/07/2025 03:30","BZN|NL","10936.76","10924.21"
"24/07/2025 03:30 - 24/07/2025 03:45","BZN|NL","10933.14","10858.99"
"24/07/2025 03:45 - 24/07/2025 04:00","BZN|NL","10981.97","10803.68"
"24/07/2025 04:00 - 24/07/2025 04:15","BZN|NL","11070.44","10777.78"
"24/07/2025 04:15 - 24/07/2025 04:30","BZN|NL","11111.09","10742.35"
"24/07/2025 04:30 - 24/07/2025 04:45","BZN|NL","11035.05","10750.27"
"24/07/2025 04:45 - 24/07/2025 05:00","BZN|NL","10945.08","10749.66"
"24/07/2025 05:00 - 24/07/2025 05:15","BZN|NL","10907.06","10734.50"
"24/07/2025 05:15 - 24/07/2025 05:30","BZN|NL","10930.68","10751.98"
"24/07/2025 05:30 - 24/07/2025 05:45","BZN|NL","10918.18","10725.46"
"24/07/2025 05:45 - 24/07/2025 06:00","BZN|NL","10844.94","10711.95"
"24/07/2025 06:00 - 24/07/2025 06:15","BZN|NL","10798.00","10753.95"
"24/07/2025 06:15 - 24/07/2025 06:30","BZN|NL","10725.40","10779.57"
"24/07/2025 06:30 - 24/07/2025 06:45","BZN|NL","10615.71","10811.91"
"24/07/2025 06:45 - 24/07/2025 07:00","BZN|NL","10618.15","10808.89"
"24/07/2025 07:00 - 24/07/2025 07:15","BZN|NL","10597.96","10811.60"
"24/07/2025 07:15 - 24/07/2025 07:30","BZN|NL","10524.88","10829.96"
"24/07/2025 07:30 - 24/07/2025 07:45","BZN|NL","10411.83","10814.45"
"24/07/2025 07:45 - 24/07/2025 08:00","BZN|NL","10225.69","10803.11"
"24/07/2025 08:00 - 24/07/2025 08:15","BZN|NL","9960.84","10769.63"
"24/07/2025 08:15 - 24/07/2025 08:30","BZN|NL","9643.55","10655.54"
"24/07/2025 08:30 - 24/07/2025 08:45","BZN|NL","9438.98","10528.55"
"24/07/2025 08:45 - 24/07/2025 09:00","BZN|NL","9250.88","10419.90"
"24/07/2025 09:00 - 24/07/2025 09:15","BZN|NL","9001.64","10298.15"
"24/07/2025 09:15 - 24/07/2025 09:30","BZN|NL","8739.13","10122.77"
"24/07/2025 09:30 - 24/07/2025 09:45","BZN|NL","8494.87","9912.41"
"24/07/2025 09:45 - 24/07/2025 10:00","BZN|NL","8122.23","9732.20"
"24/07/2025 10:00 - 24/07/2025 10:15","BZN|NL","7821.15","9482.38"
"24/07/2025 10:15 - 24/07/2025 10:30","BZN|NL","7588.64","9379.40"
"24/07/2025 10:30 - 24/07/2025 10:45","BZN|NL","7414.38","9237.20"
"24/07/2025 10:45 - 24/07/2025 11:00","BZN|NL","7236.73","9092.94"
"24/07/2025 11:00 - 24/07/2025 11:15","BZN|NL","6992.81","8961.64"
"24/07/2025 11:15 - 24/07/2025 11:30","BZN|NL","6722.22","8930.54"
"24/07/2025 11:30 - 24/07/2025 11:45","BZN|NL","6417.87","8889.00"
"24/07/2025 11:45 - 24/07/2025 12:00","BZN|NL","6063.03","8729.52"
"24/07/2025 12:00 - 24/07/2025 12:15","BZN|NL","5774.70","8482.36"
"24/07/2025 12:15 - 24/07/2025 12:30","BZN|NL","5391.97","8302.29"
"24/07/2025 12:30 - 24/07/2025 12:45","BZN|NL","5088.83","8207.17"
"24/07/2025 12:45 - 24/07/2025 13:00","BZN|NL","4734.48","8172.14"
"24/07/2025 13:00 - 24/07/2025 13:15","BZN|NL","4555.87","8157.20"
"24/07/2025 13:15 - 24/07/2025 13:30","BZN|NL","4458.02","8113.22"
"24/07/2025 13:30 - 24/07/2025 13:45","BZN|NL","4424.28","8118.52"
"24/07/2025 13:45 - 24/07/2025 14:00","BZN|NL","4375.44","8117.36"
"24/07/2025 14:00 - 24/07/2025 14:15","BZN|NL","4347.18","8048.17"
"24/07/2025 14:15 - 24/07/2025 14:30","BZN|NL","4113.39","8024.32"
"24/07/2025 14:30 - 24/07/2025 14:45","BZN|NL","4015.97","8026.62"
"24/07/2025 14:45 - 24/07/2025 15:00","BZN|NL","4072.13","8099.44"
"24/07/2025 15:00 - 24/07/2025 15:15","BZN|NL","4198.18","8044.91"
"24/07/2025 15:15 - 24/07/2025 15:30","BZN|NL","4373.13","8031.12"
"24/07/2025 15:30 - 24/07/2025 15:45","BZN|NL","4540.70","8018.36"
"24/07/2025 15:45 - 24/07/2025 16:00","BZN|NL","4782.05","8022.28"
"24/07/2025 16:00 - 24/07/2025 16:15","BZN|NL","5143.30","8047.35"
"24/07/2025 16:15 - 24/07/2025 16:30","BZN|NL","5215.32","8031.09"
"24/07/2025 16:30 - 24/07/2025 16:45","BZN|NL","5497.94","8036.52"
"24/07/2025 16:45 - 24/07/2025 17:00","BZN|NL","5634.88","8153.83"
"24/07/2025 17:00 - 24/07/2025 17:15","BZN|NL","5930.10","8302.25"
"24/07/2025 17:15 - 24/07/2025 17:30","BZN|NL","6176.17","8602.30"
"24/07/2025 17:30 - 24/07/2025 17:45","BZN|NL","6597.02","8858.51"
"24/07/2025 17:45 - 24/07/2025 18:00","BZN|NL","7054.28","9136.87"
"24/07/2025 18:00 - 24/07/2025 18:15","BZN|NL","7463.61","9392.75"
"24/07/2025 18:15 - 24/07/2025 18:30","BZN|NL","7936.43","9590.59"
"24/07/2025 18:30 - 24/07/2025 18:45","BZN|NL","8370.93","9797.79"
"24/07/2025 18:45 - 24/07/2025 19:00","BZN|NL","8747.04","10030.16"
"24/07/2025 19:00 - 24/07/2025 19:15","BZN|NL","9056.24","10262.92"
"24/07/2025 19:15 - 24/07/2025 19:30","BZN|NL","9418.76","10473.00"
"24/07/2025 19:30 - 24/07/2025 19:45","BZN|NL","9928.72","10668.20"
"24/07/2025 19:45 - 24/07/2025 20:00","BZN|NL","10450.03","10882.69"
"24/07/2025 20:00 - 24/07/2025 20:15","BZN|NL","10813.17","11055.29"
"24/07/2025 20:15 - 24/07/2025 20:30","BZN|NL","10997.83","11278.03"
"24/07/2025 20:30 - 24/07/2025 20:45","BZN|NL","11122.89","11522.77"
"24/07/2025 20:45 - 24/07/2025 21:00","BZN|NL","11160.66","11665.09"
"24/07/2025 21:00 - 24/07/2025 21:15","BZN|NL","11321.27","11780.35"
"24/07/2025 21:15 - 24/07/2025 21:30","BZN|NL","11503.48","11925.06"
"24/07/2025 21:30 - 24/07/2025 21:45","BZN|NL","11535.09","11948.89"
"24/07/2025 21:45 - 24/07/2025 22:00","BZN|NL","11561.96","11922.05"
"24/07/2025 22:00 - 24/07/2025 22:15","BZN|NL","11672.87","11878.24"
"24/07/2025 22:15 - 24/07/2025 22:30","BZN|NL","11794.56","11886.25"
"24/07/2025 22:30 - 24/07/2025 22:45","BZN|NL","11839.30","11882.86"
"24/07/2025 22:45 - 24/07/2025 23:00","BZN|NL","11816.00","11796.31"
"24/07/2025 23:00 - 24/07/2025 23:15","BZN|NL","11676.00","11687.49"
"24/07/2025 23:15 - 24/07/2025 23:30","BZN|NL","11458.60","11566.26"
"24/07/2025 23:30 - 24/07/2025 23:45","BZN|NL","11405.27","11472.19"
"24/07/2025 23:45 - 25/07/2025 00:00","BZN|NL","11365.13","11365.31"
"25/07/2025 00:00 - 25/07/2025 00:15","BZN|NL","11316.94","11269.91"
"25/07/2025 00:15 - 25/07/2025 00:30","BZN|NL","11252.15","11212.20"
"25/07/2025 00:30 - 25/07/2025 00:45","BZN|NL","11128.00","11148.81"
"25/07/2025 00:45 - 25/07/2025 01:00","BZN|NL","11131.76","11055.75"
"25/07/2025 01:00 - 25/07/2025 01:15","BZN|NL","11119.36","10926.88"
"25/07/2025 01:15 - 25/07/2025 01:30","BZN|NL","11099.84","10921.81"
"25/07/2025 01:30 - 25/07/2025 01:45","BZN|NL","11101.03","10909.35"
"25/07/2025 01:45 - 25/07/2025 02:00","BZN|NL","11084.28","10882.68"
"25/07/2025 02:00 - 25/07/2025 02:15","BZN|NL","11106.98","10879.35"
"25/07/2025 02:15 - 25/07/2025 02:30","BZN|NL","11149.68","10852.29"
"25/07/2025 02:30 - 25/07/2025 02:45","BZN|NL","11132.46","10843.11"
"25/07/2025 02:45 - 25/07/2025 03:00","BZN|NL","11112.74","10810.20"
"25/07/2025 03:00 - 25/07/2025 03:15","BZN|NL","11143.34","10762.19"
"25/07/2025 03:15 - 25/07/2025 03:30","BZN|NL","11235.00","10752.66"
"25/07/2025 03:30 - 25/07/2025 03:45","BZN|NL","11213.58","10722.40"
"25/07/2025 03:45 - 25/07/2025 04:00","BZN|NL","11132.56","10727.16"
"25/07/2025 04:00 - 25/07/2025 04:15","BZN|NL","11113.23","10684.25"
"25/07/2025 04:15 - 25/07/2025 04:30","BZN|NL","11128.49","10685.95"
"25/07/2025 04:30 - 25/07/2025 04:45","BZN|NL","11133.81","10682.82"
"25/07/2025 04:45 - 25/07/2025 05:00","BZN|NL","11074.14","10674.14"
"25/07/2025 05:00 - 25/07/2025 05:15","BZN|NL","11015.88","10732.08"
"25/07/2025 05:15 - 25/07/2025 05:30","BZN|NL","11016.34","10759.78"
"25/07/2025 05:30 - 25/07/2025 05:45","BZN|NL","11024.89","10791.14"
"25/07/2025 05:45 - 25/07/2025 06:00","BZN|NL","10886.05","10822.06"
"25/07/2025 06:00 - 25/07/2025 06:15","BZN|NL","10744.55","10883.83"
"25/07/2025 06:15 - 25/07/2025 06:30","BZN|NL","10700.55","10902.92"
"25/07/2025 06:30 - 25/07/2025 06:45","BZN|NL","10676.17","10924.12"
"25/07/2025 06:45 - 25/07/2025 07:00","BZN|NL","10705.52","10975.40"
"25/07/2025 07:00 - 25/07/2025 07:15","BZN|NL","10698.68","11061.33"
"25/07/2025 07:15 - 25/07/2025 07:30","BZN|NL","10730.23","11126.76"
"25/07/2025 07:30 - 25/07/2025 07:45","BZN|NL","10765.43","11199.26"
"25/07/2025 07:45 - 25/07/2025 08:00","BZN|NL","10857.04","11232.21"
"25/07/2025 08:00 - 25/07/2025 08:15","BZN|NL","10936.97","11156.97"
"25/07/2025 08:15 - 25/07/2025 08:30","BZN|NL","10967.18","11091.48"
"25/07/2025 08:30 - 25/07/2025 08:45","BZN|NL","10956.48","11041.16"
"25/07/2025 08:45 - 25/07/2025 09:00","BZN|NL","10941.44","10823.87"
"25/07/2025 09:00 - 25/07/2025 09:15","BZN|NL","10879.64","10592.63"
"25/07/2025 09:15 - 25/07/2025 09:30","BZN|NL","10677.45","10438.72"
"25/07/2025 09:30 - 25/07/2025 09:45","BZN|NL","10568.81","10345.76"
"25/07/2025 09:45 - 25/07/2025 10:00","BZN|NL","10462.15","10283.24"
"25/07/2025 10:00 - 25/07/2025 10:15","BZN|NL","10237.15","10202.12"
"25/07/2025 10:15 - 25/07/2025 10:30","BZN|NL","9993.46","10076.74"
"25/07/2025 10:30 - 25/07/2025 10:45","BZN|NL","9718.22","9910.51"
"25/07/2025 10:45 - 25/07/2025 11:00","BZN|NL","9561.23","9726.87"
"25/07/2025 11:00 - 25/07/2025 11:15","BZN|NL","9388.36","9552.61"
"25/07/2025 11:15 - 25/07/2025 11:30","BZN|NL","9220.10","9348.90"
"25/07/2025 11:30 - 25/07/2025 11:45","BZN|NL","9067.06","9188.51"
"25/07/2025 11:45 - 25/07/2025 12:00","BZN|NL","8950.94","8996.10"
"25/07/2025 12:00 - 25/07/2025 12:15","BZN|NL","8819.13","8864.14"
"25/07/2025 12:15 - 25/07/2025 12:30","BZN|NL","8734.33","8633.45"
"25/07/2025 12:30 - 25/07/2025 12:45","BZN|NL","8459.86","8499.36"
"25/07/2025 12:45 - 25/07/2025 13:00","BZN|NL","8270.59","8367.74"
"25/07/2025 13:00 - 25/07/2025 13:15","BZN|NL","8217.03","8194.60"
"25/07/2025 13:15 - 25/07/2025 13:30","BZN|NL","8163.04","8223.93"
"25/07/2025 13:30 - 25/07/2025 13:45","BZN|NL","8080.64","8214.98"
"25/07/2025 13:45 - 25/07/2025 14:00","BZN|NL","7991.45","8055.53"
"25/07/2025 14:00 - 25/07/2025 14:15","BZN|NL","7840.06","8019.84"
"25/07/2025 14:15 - 25/07/2025 14:30","BZN|NL","7731.02","8088.66"
"25/07/2025 14:30 - 25/07/2025 14:45","BZN|NL","7670.39","8012.78"
"25/07/2025 14:45 - 25/07/2025 15:00","BZN|NL","7498.41","8053.97"
"25/07/2025 15:00 - 25/07/2025 15:15","BZN|NL","7268.03","7919.52"
"25/07/2025 15:15 - 25/07/2025 15:30","BZN|NL","6975.44","7948.89"
"25/07/2025 15:30 - 25/07/2025 15:45","BZN|NL","6711.16","7993.64"
"25/07/2025 15:45 - 25/07/2025 16:00","BZN|NL","6578.83","8064.17"
"25/07/2025 16:00 - 25/07/2025 16:15","BZN|NL","6474.42","8041.76"
"25/07/2025 16:15 - 25/07/2025 16:30","BZN|NL","6562.17","8247.68"
"25/07/2025 16:30 - 25/07/2025 16:45","BZN|NL","6740.67","8366.42"
"25/07/2025 16:45 - 25/07/2025 17:00","BZN|NL","6854.10","8379.10"
"25/07/2025 17:00 - 25/07/2025 17:15","BZN|NL","6841.09","8621.27"
"25/07/2025 17:15 - 25/07/2025 17:30","BZN|NL","6949.00","8892.98"
"25/07/2025 17:30 - 25/07/2025 17:45","BZN|NL","7084.59","9123.50"
"25/07/2025 17:45 - 25/07/2025 18:00","BZN|NL","7310.99","9421.15"
"25/07/2025 18:00 - 25/07/2025 18:15","BZN|NL","7666.51","9820.02"
"25/07/2025 18:15 - 25/07/2025 18:30","BZN|NL","7967.69","10065.80"
"25/07/2025 18:30 - 25/07/2025 18:45","BZN|NL","8142.82","10196.55"
"25/07/2025 18:45 - 25/07/2025 19:00","BZN|NL","8348.17","10388.44"
"25/07/2025 19:00 - 25/07/2025 19:15","BZN|NL","8633.14","10616.00"
"25/07/2025 19:15 - 25/07/2025 19:30","BZN|NL","9040.52","10911.36"
"25/07/2025 19:30 - 25/07/2025 19:45","BZN|NL","9420.11","11142.55"
"25/07/2025 19:45 - 25/07/2025 20:00","BZN|NL","9757.77","11401.75"
"25/07/2025 20:00 - 25/07/2025 20:15","BZN|NL","10071.86","11591.57"
"25/07/2025 20:15 - 25/07/2025 20:30","BZN|NL","10369.42","11785.86"
"25/07/2025 20:30 - 25/07/2025 20:45","BZN|NL","10637.38","11935.77"
"25/07/2025 20:45 - 25/07/2025 21:00","BZN|NL","10831.33","12063.12"
"25/07/2025 21:00 - 25/07/2025 21:15","BZN|NL","10994.50","12173.25"
"25/07/2025 21:15 - 25/07/2025 21:30","BZN|NL","11145.80","12287.96"
"25/07/2025 21:30 - 25/07/2025 21:45","BZN|NL","11304.02","12398.74"
"25/07/2025 21:45 - 25/07/2025 22:00","BZN|NL","11366.24","12405.55"
"25/07/2025 22:00 - 25/07/2025 22:15","BZN|NL","11444.22","12472.88"
"25/07/2025 22:15 - 25/07/2025 22:30","BZN|NL","11467.27","12545.30"
"25/07/2025 22:30 - 25/07/2025 22:45","BZN|NL","11429.28","12504.55"
"25/07/2025 22:45 - 25/07/2025 23:00","BZN|NL","11351.29","12423.92"
"25/07/2025 23:00 - 25/07/2025 23:15","BZN|NL","11318.57","12342.92"
"25/07/2025 23:15 - 25/07/2025 23:30","BZN|NL","11364.45","12352.94"
"25/07/2025 23:30 - 25/07/2025 23:45","BZN|NL","11362.63","12275.00"
"25/07/2025 23:45 - 26/07/2025 00:00","BZN|NL","11367.37","12094.63"
"26/07/2025 00:00 - 26/07/2025 00:15","BZN|NL","11315.49","11922.20"
"26/07/2025 00:15 - 26/07/2025 00:30","BZN|NL","11264.44","11860.54"
"26/07/2025 00:30 - 26/07/2025 00:45","BZN|NL","11221.26","11730.33"
"26/07/2025 00:45 - 26/07/2025 01:00","BZN|NL","11170.12","11544.55"
"26/07/2025 01:00 - 26/07/2025 01:15","BZN|NL","11044.27","11347.43"
"26/07/2025 01:15 - 26/07/2025 01:30","BZN|NL","10946.93","11208.41"
"26/07/2025 01:30 - 26/07/2025 01:45","BZN|NL","10916.90","11126.83"
"26/07/2025 01:45 - 26/07/2025 02:00","BZN|NL","10949.07","11028.32"
"26/07/2025 02:00 - 26/07/2025 02:15","BZN|NL","10939.18","10885.70"
"26/07/2025 02:15 - 26/07/2025 02:30","BZN|NL","10852.86","10775.51"
"26/07/2025 02:30 - 26/07/2025 02:45","BZN|NL","10804.63","10658.49"
"26/07/2025 02:45 - 26/07/2025 03:00","BZN|NL","10778.51","10576.64"
"26/07/2025 03:00 - 26/07/2025 03:15","BZN|NL","10740.30","10452.84"
"26/07/2025 03:15 - 26/07/2025 03:30","BZN|NL","10658.31","10420.93"
"26/07/2025 03:30 - 26/07/2025 03:45","BZN|NL","10598.70","10385.30"
"26/07/2025 03:45 - 26/07/2025 04:00","BZN|NL","10534.19","10344.31"
"26/07/2025 04:00 - 26/07/2025 04:15","BZN|NL","10487.72","10293.27"
"26/07/2025 04:15 - 26/07/2025 04:30","BZN|NL","10470.65","10279.48"
"26/07/2025 04:30 - 26/07/2025 04:45","BZN|NL","10411.48","10279.31"
"26/07/2025 04:45 - 26/07/2025 05:00","BZN|NL","10394.05","10288.52"
"26/07/2025 05:00 - 26/07/2025 05:15","BZN|NL","10417.93","10294.73"
"26/07/2025 05:15 - 26/07/2025 05:30","BZN|NL","10448.61","10227.90"
"26/07/2025 05:30 - 26/07/2025 05:45","BZN|NL","10466.30","10196.13"
"26/07/2025 05:45 - 26/07/2025 06:00","BZN|NL","10430.89","10136.89"
"26/07/2025 06:00 - 26/07/2025 06:15","BZN|NL","10345.65","10056.40"
"26/07/2025 06:15 - 26/07/2025 06:30","BZN|NL","10172.67","9904.09"
"26/07/2025 06:30 - 26/07/2025 06:45","BZN|NL","9992.09","9799.75"
"26/07/2025 06:45 - 26/07/2025 07:00","BZN|NL","9838.73","9713.68"
"26/07/2025 07:00 - 26/07/2025 07:15","BZN|NL","9517.86","9646.81"
"26/07/2025 07:15 - 26/07/2025 07:30","BZN|NL","9060.97","9517.93"
"26/07/2025 07:30 - 26/07/2025 07:45","BZN|NL","8677.31","9335.71"
"26/07/2025 07:45 - 26/07/2025 08:00","BZN|NL","8426.85","9213.93"
"26/07/2025 08:00 - 26/07/2025 08:15","BZN|NL","8081.43","9174.14"
"26/07/2025 08:15 - 26/07/2025 08:30","BZN|NL","7697.24","8885.23"
"26/07/2025 08:30 - 26/07/2025 08:45","BZN|NL","7442.20","8689.85"
"26/07/2025 08:45 - 26/07/2025 09:00","BZN|NL","7109.50","8369.85"
"26/07/2025 09:00 - 26/07/2025 09:15","BZN|NL","6660.59","8205.10"
"26/07/2025 09:15 - 26/07/2025 09:30","BZN|NL","6149.86","7962.80"
"26/07/2025 09:30 - 26/07/2025 09:45","BZN|NL","5636.94","7623.56"
"26/07/2025 09:45 - 26/07/2025 10:00","BZN|NL","5090.61","7257.20"
"26/07/2025 10:00 - 26/07/2025 10:15","BZN|NL","4589.44","7210.61"
"26/07/2025 10:15 - 26/07/2025 10:30","BZN|NL","4167.53","6936.79"
"26/07/2025 10:30 - 26/07/2025 10:45","BZN|NL","3880.05","6590.37"
"26/07/2025 10:45 - 26/07/2025 11:00","BZN|NL","3757.79","6407.20"
"26/07/2025 11:00 - 26/07/2025 11:15","BZN|NL","3494.40","6270.08"
"26/07/2025 11:15 - 26/07/2025 11:30","BZN|NL","2824.36","5984.48"
"26/07/2025 11:30 - 26/07/2025 11:45","BZN|NL","2417.27","5732.61"
"26/07/2025 11:45 - 26/07/2025 12:00","BZN|NL","2251.28","5475.49"
"26/07/2025 12:00 - 26/07/2025 12:15","BZN|NL","2332.11","5377.50"
"26/07/2025 12:15 - 26/07/2025 12:30","BZN|NL","2525.24","5198.06"
"26/07/2025 12:30 - 26/07/2025 12:45","BZN|NL","2605.18","5077.02"
"26/07/2025 12:45 - 26/07/2025 13:00","BZN|NL","2714.84","4868.92"
"26/07/2025 13:00 - 26/07/2025 13:15","BZN|NL","2876.36","4907.27"
"26/07/2025 13:15 - 26/07/2025 13:30","BZN|NL","3028.76","4971.43"
"26/07/2025 13:30 - 26/07/2025 13:45","BZN|NL","3241.98","4979.29"
"26/07/2025 13:45 - 26/07/2025 14:00","BZN|NL","3633.26","5015.25"
"26/07/2025 14:00 - 26/07/2025 14:15","BZN|NL","4019.58","5071.56"
"26/07/2025 14:15 - 26/07/2025 14:30","BZN|NL","4400.17","5092.01"
"26/07/2025 14:30 - 26/07/2025 14:45","BZN|NL","4591.03","5073.32"
"26/07/2025 14:45 - 26/07/2025 15:00","BZN|NL","4697.00","5164.83"
"26/07/2025 15:00 - 26/07/2025 15:15","BZN|NL","4746.70","5152.84"
"26/07/2025 15:15 - 26/07/2025 15:30","BZN|NL","4921.70","5323.09"
"26/07/2025 15:30 - 26/07/2025 15:45","BZN|NL","5158.84","5648.44"
"26/07/2025 15:45 - 26/07/2025 16:00","BZN|NL","5461.05","5957.99"
"26/07/2025 16:00 - 26/07/2025 16:15","BZN|NL","5800.04","6008.80"
"26/07/2025 16:15 - 26/07/2025 16:30","BZN|NL","6193.31","6327.62"
"26/07/2025 16:30 - 26/07/2025 16:45","BZN|NL","6536.19","6627.91"
"26/07/2025 16:45 - 26/07/2025 17:00","BZN|NL","6897.09","6893.03"
"26/07/2025 17:00 - 26/07/2025 17:15","BZN|NL","7266.99","7376.42"
"26/07/2025 17:15 - 26/07/2025 17:30","BZN|NL","7732.96","7842.93"
"26/07/2025 17:30 - 26/07/2025 17:45","BZN|NL","8180.90","8194.13"
"26/07/2025 17:45 - 26/07/2025 18:00","BZN|NL","8531.52","8487.98"
"26/07/2025 18:00 - 26/07/2025 18:15","BZN|NL","8833.61","8876.90"
"26/07/2025 18:15 - 26/07/2025 18:30","BZN|NL","9062.17","9273.06"
"26/07/2025 18:30 - 26/07/2025 18:45","BZN|NL","9251.94","9516.34"
"26/07/2025 18:45 - 26/07/2025 19:00","BZN|NL","9414.60","9752.34"
"26/07/2025 19:00 - 26/07/2025 19:15","BZN|NL","9611.83","10060.38"
"26/07/2025 19:15 - 26/07/2025 19:30","BZN|NL","9885.57","10410.07"
"26/07/2025 19:30 - 26/07/2025 19:45","BZN|NL","10118.66","10723.14"
"26/07/2025 19:45 - 26/07/2025 20:00","BZN|NL","10353.23","10900.51"
"26/07/2025 20:00 - 26/07/2025 20:15","BZN|NL","10473.85","11163.89"
"26/07/2025 20:15 - 26/07/2025 20:30","BZN|NL","10493.09","11329.35"
"26/07/2025 20:30 - 26/07/2025 20:45","BZN|NL","10548.74","11377.46"
"26/07/2025 20:45 - 26/07/2025 21:00","BZN|NL","10606.05","11413.61"
"26/07/2025 21:00 - 26/07/2025 21:15","BZN|NL","10687.10","11502.62"
"26/07/2025 21:15 - 26/07/2025 21:30","BZN|NL","10701.48","11546.33"
"26/07/2025 21:30 - 26/07/2025 21:45","BZN|NL","10789.45","11539.31"
"26/07/2025 21:45 - 26/07/2025 22:00","BZN|NL","10863.81","11474.75"
"26/07/2025 22:00 - 26/07/2025 22:15","BZN|NL","10966.13","11437.89"
"26/07/2025 22:15 - 26/07/2025 22:30","BZN|NL","11033.99","11424.16"
"26/07/2025 22:30 - 26/07/2025 22:45","BZN|NL","11057.17","11484.89"
"26/07/2025 22:45 - 26/07/2025 23:00","BZN|NL","10991.79","11441.68"
"26/07/2025 23:00 - 26/07/2025 23:15","BZN|NL","10901.93","11474.85"
"26/07/2025 23:15 - 26/07/2025 23:30","BZN|NL","10891.66","11497.92"
"26/07/2025 23:30 - 26/07/2025 23:45","BZN|NL","10854.98","11489.63"
"26/07/2025 23:45 - 27/07/2025 00:00","BZN|NL","10838.95","11439.77"
"27/07/2025 00:00 - 27/07/2025 00:15","BZN|NL","10814.75","11979.47"
"27/07/2025 00:15 - 27/07/2025 00:30","BZN|NL","10797.64","11911.52"
"27/07/2025 00:30 - 27/07/2025 00:45","BZN|NL","10786.45","11786.54"
"27/07/2025 00:45 - 27/07/2025 01:00","BZN|NL","10709.52","11676.52"
"27/07/2025 01:00 - 27/07/2025 01:15","BZN|NL","10632.90","11552.11"
"27/07/2025 01:15 - 27/07/2025 01:30","BZN|NL","10519.55","11441.95"
"27/07/2025 01:30 - 27/07/2025 01:45","BZN|NL","10459.86","11379.53"
"27/07/2025 01:45 - 27/07/2025 02:00","BZN|NL","10416.08","11349.25"
"27/07/2025 02:00 - 27/07/2025 02:15","BZN|NL","10368.07","11234.25"
"27/07/2025 02:15 - 27/07/2025 02:30","BZN|NL","10302.52","11100.90"
"27/07/2025 02:30 - 27/07/2025 02:45","BZN|NL","10241.52","11026.06"
"27/07/2025 02:45 - 27/07/2025 03:00","BZN|NL","10148.62","10970.25"
"27/07/2025 03:00 - 27/07/2025 03:15","BZN|NL","10016.93","10951.58"
"27/07/2025 03:15 - 27/07/2025 03:30","BZN|NL","9878.18","10922.69"
"27/07/2025 03:30 - 27/07/2025 03:45","BZN|NL","9824.13","10897.93"
"27/07/2025 03:45 - 27/07/2025 04:00","BZN|NL","9822.89","10837.76"
"27/07/2025 04:00 - 27/07/2025 04:15","BZN|NL","9822.36","10688.83"
"27/07/2025 04:15 - 27/07/2025 04:30","BZN|NL","9860.68","10596.83"
"27/07/2025 04:30 - 27/07/2025 04:45","BZN|NL","9902.42","10541.57"
"27/07/2025 04:45 - 27/07/2025 05:00","BZN|NL","9874.83","10478.31"
"27/07/2025 05:00 - 27/07/2025 05:15","BZN|NL","9843.27","10422.36"
"27/07/2025 05:15 - 27/07/2025 05:30","BZN|NL","9840.89","10350.38"
"27/07/2025 05:30 - 27/07/2025 05:45","BZN|NL","9831.16","10253.13"
"27/07/2025 05:45 - 27/07/2025 06:00","BZN|NL","9844.60","10146.66"
"27/07/2025 06:00 - 27/07/2025 06:15","BZN|NL","9764.34","9994.48"
"27/07/2025 06:15 - 27/07/2025 06:30","BZN|NL","9625.36","9853.56"
"27/07/2025 06:30 - 27/07/2025 06:45","BZN|NL","9569.08","9812.39"
"27/07/2025 06:45 - 27/07/2025 07:00","BZN|NL","9449.67","9785.17"
"27/07/2025 07:00 - 27/07/2025 07:15","BZN|NL","9176.96","9621.92"
"27/07/2025 07:15 - 27/07/2025 07:30","BZN|NL","8864.23","9517.77"
"27/07/2025 07:30 - 27/07/2025 07:45","BZN|NL","8627.95","9493.38"
"27/07/2025 07:45 - 27/07/2025 08:00","BZN|NL","8381.11","9453.01"
"27/07/2025 08:00 - 27/07/2025 08:15","BZN|NL","8090.48","9311.96"
"27/07/2025 08:15 - 27/07/2025 08:30","BZN|NL","7834.12","9284.27"
"27/07/2025 08:30 - 27/07/2025 08:45","BZN|NL","7592.33","9297.40"
"27/07/2025 08:45 - 27/07/2025 09:00","BZN|NL","7338.27","9344.43"
"27/07/2025 09:00 - 27/07/2025 09:15","BZN|NL","6878.42","9310.57"
"27/07/2025 09:15 - 27/07/2025 09:30","BZN|NL","6299.75","9327.86"
"27/07/2025 09:30 - 27/07/2025 09:45","BZN|NL","5943.52","9291.79"
"27/07/2025 09:45 - 27/07/2025 10:00","BZN|NL","5752.47","9315.52"
"27/07/2025 10:00 - 27/07/2025 10:15","BZN|NL","5577.90","9429.94"
"27/07/2025 10:15 - 27/07/2025 10:30","BZN|NL","5352.28","9435.80"
"27/07/2025 10:30 - 27/07/2025 10:45","BZN|NL","5053.02","9383.15"
"27/07/2025 10:45 - 27/07/2025 11:00","BZN|NL","4770.84","9368.92"
"27/07/2025 11:00 - 27/07/2025 11:15","BZN|NL","4568.28","9346.63"
"27/07/2025 11:15 - 27/07/2025 11:30","BZN|NL","4140.67","9296.68"
"27/07/2025 11:30 - 27/07/2025 11:45","BZN|NL","3931.76","9266.30"
"27/07/2025 11:45 - 27/07/2025 12:00","BZN|NL","3795.34","9248.68"
"27/07/2025 12:00 - 27/07/2025 12:15","BZN|NL","3669.41","9263.65"
"27/07/2025 12:15 - 27/07/2025 12:30","BZN|NL","3716.92","9235.84"
"27/07/2025 12:30 - 27/07/2025 12:45","BZN|NL","3888.55","9290.14"
"27/07/2025 12:45 - 27/07/2025 13:00","BZN|NL","3962.23","9313.47"
"27/07/2025 13:00 - 27/07/2025 13:15","BZN|NL","3992.28","9317.72"
"27/07/2025 13:15 - 27/07/2025 13:30","BZN|NL","3982.71","9357.63"
"27/07/2025 13:30 - 27/07/2025 13:45","BZN|NL","3773.50","9403.58"
"27/07/2025 13:45 - 27/07/2025 14:00","BZN|NL","3712.06","9472.19"
"27/07/2025 14:00 - 27/07/2025 14:15","BZN|NL","3743.87","9592.85"
"27/07/2025 14:15 - 27/07/2025 14:30","BZN|NL","3699.99","9783.51"
"27/07/2025 14:30 - 27/07/2025 14:45","BZN|NL","3628.30","9792.83"
"27/07/2025 14:45 - 27/07/2025 15:00","BZN|NL","3580.12","9885.20"
"27/07/2025 15:00 - 27/07/2025 15:15","BZN|NL","3672.97","9910.07"
"27/07/2025 15:15 - 27/07/2025 15:30","BZN|NL","3824.95","10031.44"
"27/07/2025 15:30 - 27/07/2025 15:45","BZN|NL","3926.55","10237.32"
"27/07/2025 15:45 - 27/07/2025 16:00","BZN|NL","3900.29","10249.00"
"27/07/2025 16:00 - 27/07/2025 16:15","BZN|NL","4025.47","10324.55"
"27/07/2025 16:15 - 27/07/2025 16:30","BZN|NL","4284.09","10422.32"
"27/07/2025 16:30 - 27/07/2025 16:45","BZN|NL","4564.21","10498.62"
"27/07/2025 16:45 - 27/07/2025 17:00","BZN|NL","4875.97","10616.71"
"27/07/2025 17:00 - 27/07/2025 17:15","BZN|NL","5419.76","10831.98"
"27/07/2025 17:15 - 27/07/2025 17:30","BZN|NL","6061.59","10939.74"
"27/07/2025 17:30 - 27/07/2025 17:45","BZN|NL","6554.00","10969.10"
"27/07/2025 17:45 - 27/07/2025 18:00","BZN|NL","6879.92","11134.15"
"27/07/2025 18:00 - 27/07/2025 18:15","BZN|NL","7195.31","11215.40"
"27/07/2025 18:15 - 27/07/2025 18:30","BZN|NL","7523.71","11316.41"
"27/07/2025 18:30 - 27/07/2025 18:45","BZN|NL","7815.44","11326.60"
"27/07/2025 18:45 - 27/07/2025 19:00","BZN|NL","8060.12","11424.51"
"27/07/2025 19:00 - 27/07/2025 19:15","BZN|NL","8281.14","11545.88"
"27/07/2025 19:15 - 27/07/2025 19:30","BZN|NL","8503.96","11662.55"
"27/07/2025 19:30 - 27/07/2025 19:45","BZN|NL","8605.61","11693.95"
"27/07/2025 19:45 - 27/07/2025 20:00","BZN|NL","8734.46","11690.97"
"27/07/2025 20:00 - 27/07/2025 20:15","BZN|NL","8950.23","11657.22"
"27/07/2025 20:15 - 27/07/2025 20:30","BZN|NL","9249.64","11636.83"
"27/07/2025 20:30 - 27/07/2025 20:45","BZN|NL","9481.02","11639.86"
"27/07/2025 20:45 - 27/07/2025 21:00","BZN|NL","9655.95","11662.58"
"27/07/2025 21:00 - 27/07/2025 21:15","BZN|NL","9879.00","11719.59"
"27/07/2025 21:15 - 27/07/2025 21:30","BZN|NL","10142.85","11767.01"
"27/07/2025 21:30 - 27/07/2025 21:45","BZN|NL","10289.27","11862.92"
"27/07/2025 21:45 - 27/07/2025 22:00","BZN|NL","10375.22","11925.74"
"27/07/2025 22:00 - 27/07/2025 22:15","BZN|NL","10459.84","11958.91"
"27/07/2025 22:15 - 27/07/2025 22:30","BZN|NL","10625.73","11948.28"
"27/07/2025 22:30 - 27/07/2025 22:45","BZN|NL","10634.94","11901.77"
"27/07/2025 22:45 - 27/07/2025 23:00","BZN|NL","10597.68","11854.51"
"27/07/2025 23:00 - 27/07/2025 23:15","BZN|NL","10456.75","11858.71"
"27/07/2025 23:15 - 27/07/2025 23:30","BZN|NL","10435.68","11778.27"
"27/07/2025 23:30 - 27/07/2025 23:45","BZN|NL","10413.17","11648.39"
"27/07/2025 23:45 - 28/07/2025 00:00","BZN|NL","10360.88","11535.65"
